--------------------------------------------------------
--  File created - Monday-December-15-2025   
--------------------------------------------------------
--------------------------------------------------------
--  DDL for Table USUARIOS
--------------------------------------------------------

  CREATE TABLE "SISGESTPRESUPUESTOS"."USUARIOS" 
   (	"ID_USUARIO" NUMBER GENERATED ALWAYS AS IDENTITY MINVALUE 1 MAXVALUE 9999999999999999999999999999 INCREMENT BY 1 START WITH 1 CACHE 20 NOORDER  NOCYCLE  NOKEEP  NOSCALE , 
	"NOMBRES" VARCHAR2(100 BYTE), 
	"APELLIDOS" VARCHAR2(100 BYTE), 
	"CORREO" VARCHAR2(150 BYTE), 
	"FECHA_REGISTRO" TIMESTAMP (6), 
	"SALARIO" NUMBER, 
	"ACTIVO" CHAR(1 BYTE), 
	"FECHA_CREACION" TIMESTAMP (6) DEFAULT CURRENT_TIMESTAMP, 
	"USUARIO_CREACION" VARCHAR2(50 BYTE), 
	"FECHA_MODIFICACION" TIMESTAMP (6), 
	"USUARIO_MODIFICACION" VARCHAR2(50 BYTE)
   ) SEGMENT CREATION IMMEDIATE 
  PCTFREE 10 PCTUSED 40 INITRANS 1 MAXTRANS 255 
 NOCOMPRESS LOGGING
  STORAGE(INITIAL 65536 NEXT 1048576 MINEXTENTS 1 MAXEXTENTS 2147483645
  PCTINCREASE 0 FREELISTS 1 FREELIST GROUPS 1
  BUFFER_POOL DEFAULT FLASH_CACHE DEFAULT CELL_FLASH_CACHE DEFAULT)
  TABLESPACE "USERS" ;
--------------------------------------------------------
--  DDL for Table TRANSACCIONES
--------------------------------------------------------

  CREATE TABLE "SISGESTPRESUPUESTOS"."TRANSACCIONES" 
   (	"ID_TRANSACCION" NUMBER GENERATED ALWAYS AS IDENTITY MINVALUE 1 MAXVALUE 9999999999999999999999999999 INCREMENT BY 1 START WITH 1 CACHE 20 NOORDER  NOCYCLE  NOKEEP  NOSCALE , 
	"ID_USUARIO" NUMBER, 
	"ID_PRESUPUESTO" NUMBER, 
	"FECHA" TIMESTAMP (6), 
	"ID_SUBCATEGORIA" NUMBER, 
	"ID_OBLIGACION_FIJA" NUMBER, 
	"TIPO_TRANSACCION" VARCHAR2(50 BYTE), 
	"DESCRIPCION" VARCHAR2(200 BYTE), 
	"MONTO" NUMBER, 
	"METODO_PAGO" VARCHAR2(50 BYTE), 
	"FECHA_REGISTRO" TIMESTAMP (6), 
	"FECHA_CREACION" TIMESTAMP (6) DEFAULT CURRENT_TIMESTAMP, 
	"USUARIO_CREACION" VARCHAR2(50 BYTE), 
	"FECHA_MODIFICACION" TIMESTAMP (6), 
	"USUARIO_MODIFICACION" VARCHAR2(50 BYTE)
   ) SEGMENT CREATION IMMEDIATE 
  PCTFREE 10 PCTUSED 40 INITRANS 1 MAXTRANS 255 
 NOCOMPRESS LOGGING
  STORAGE(INITIAL 65536 NEXT 1048576 MINEXTENTS 1 MAXEXTENTS 2147483645
  PCTINCREASE 0 FREELISTS 1 FREELIST GROUPS 1
  BUFFER_POOL DEFAULT FLASH_CACHE DEFAULT CELL_FLASH_CACHE DEFAULT)
  TABLESPACE "USERS" ;
--------------------------------------------------------
--  DDL for Table SUBCATEGORIAS
--------------------------------------------------------

  CREATE TABLE "SISGESTPRESUPUESTOS"."SUBCATEGORIAS" 
   (	"ID_SUBCATEGORIA" NUMBER GENERATED ALWAYS AS IDENTITY MINVALUE 1 MAXVALUE 9999999999999999999999999999 INCREMENT BY 1 START WITH 1 CACHE 20 NOORDER  NOCYCLE  NOKEEP  NOSCALE , 
	"ID_CATEGORIA" NUMBER, 
	"NOMBRE" VARCHAR2(100 BYTE), 
	"ACTIVA" CHAR(1 BYTE), 
	"SUBCATEGORIA_POR_DEFECTO" CHAR(1 BYTE)
   ) SEGMENT CREATION IMMEDIATE 
  PCTFREE 10 PCTUSED 40 INITRANS 1 MAXTRANS 255 
 NOCOMPRESS LOGGING
  STORAGE(INITIAL 65536 NEXT 1048576 MINEXTENTS 1 MAXEXTENTS 2147483645
  PCTINCREASE 0 FREELISTS 1 FREELIST GROUPS 1
  BUFFER_POOL DEFAULT FLASH_CACHE DEFAULT CELL_FLASH_CACHE DEFAULT)
  TABLESPACE "USERS" ;
--------------------------------------------------------
--  DDL for Table PRESUPUESTOS
--------------------------------------------------------

  CREATE TABLE "SISGESTPRESUPUESTOS"."PRESUPUESTOS" 
   (	"ID_PRESUPUESTO" NUMBER GENERATED ALWAYS AS IDENTITY MINVALUE 1 MAXVALUE 9999999999999999999999999999 INCREMENT BY 1 START WITH 1 CACHE 20 NOORDER  NOCYCLE  NOKEEP  NOSCALE , 
	"ID_USUARIO" NUMBER, 
	"NOMBRE_DESCRIPTIVO" VARCHAR2(150 BYTE), 
	"FECHA_INICIO" TIMESTAMP (6), 
	"FECHA_FIN" TIMESTAMP (6), 
	"INGRESOS_PLANIFICADOS" NUMBER, 
	"GASTOS_PLANIFICADOS" NUMBER, 
	"AHORROS_PLANIFICADOS" NUMBER, 
	"FECHA_CREACION" TIMESTAMP (6), 
	"ESTADO" VARCHAR2(50 BYTE), 
	"USUARIO_CREACION" VARCHAR2(50 BYTE), 
	"FECHA_MODIFICACION" TIMESTAMP (6), 
	"USUARIO_MODIFICACION" VARCHAR2(50 BYTE)
   ) SEGMENT CREATION IMMEDIATE 
  PCTFREE 10 PCTUSED 40 INITRANS 1 MAXTRANS 255 
 NOCOMPRESS LOGGING
  STORAGE(INITIAL 65536 NEXT 1048576 MINEXTENTS 1 MAXEXTENTS 2147483645
  PCTINCREASE 0 FREELISTS 1 FREELIST GROUPS 1
  BUFFER_POOL DEFAULT FLASH_CACHE DEFAULT CELL_FLASH_CACHE DEFAULT)
  TABLESPACE "USERS" ;
--------------------------------------------------------
--  DDL for Table PRESUPUESTO_DETALLES
--------------------------------------------------------

  CREATE TABLE "SISGESTPRESUPUESTOS"."PRESUPUESTO_DETALLES" 
   (	"ID_PRESUPUESTO_DETALLE" NUMBER GENERATED ALWAYS AS IDENTITY MINVALUE 1 MAXVALUE 9999999999999999999999999999 INCREMENT BY 1 START WITH 1 CACHE 20 NOORDER  NOCYCLE  NOKEEP  NOSCALE , 
	"ID_PRESUPUESTO" NUMBER, 
	"ID_SUBCATEGORIA" NUMBER, 
	"MONTO_MENSUAL" NUMBER, 
	"OBSERVACIONES" VARCHAR2(200 BYTE)
   ) SEGMENT CREATION IMMEDIATE 
  PCTFREE 10 PCTUSED 40 INITRANS 1 MAXTRANS 255 
 NOCOMPRESS LOGGING
  STORAGE(INITIAL 65536 NEXT 1048576 MINEXTENTS 1 MAXEXTENTS 2147483645
  PCTINCREASE 0 FREELISTS 1 FREELIST GROUPS 1
  BUFFER_POOL DEFAULT FLASH_CACHE DEFAULT CELL_FLASH_CACHE DEFAULT)
  TABLESPACE "USERS" ;
--------------------------------------------------------
--  DDL for Table OBLIGACIONES_FIJAS
--------------------------------------------------------

  CREATE TABLE "SISGESTPRESUPUESTOS"."OBLIGACIONES_FIJAS" 
   (	"ID_OBLIGACION_FIJA" NUMBER GENERATED ALWAYS AS IDENTITY MINVALUE 1 MAXVALUE 9999999999999999999999999999 INCREMENT BY 1 START WITH 1 CACHE 20 NOORDER  NOCYCLE  NOKEEP  NOSCALE , 
	"ID_USUARIO" NUMBER, 
	"ID_SUBCATEGORIA" NUMBER, 
	"NOMBRE" VARCHAR2(100 BYTE), 
	"DESCRIPCION" VARCHAR2(200 BYTE), 
	"MONTO_MENSUAL" NUMBER, 
	"FECHA_INICIO" TIMESTAMP (6), 
	"FECHA_VENCIMIENTO" TIMESTAMP (6), 
	"ACTIVA" CHAR(1 BYTE), 
	"FECHA_CREACION" TIMESTAMP (6) DEFAULT CURRENT_TIMESTAMP, 
	"USUARIO_CREACION" VARCHAR2(50 BYTE), 
	"FECHA_MODIFICACION" TIMESTAMP (6), 
	"USUARIO_MODIFICACION" VARCHAR2(50 BYTE)
   ) SEGMENT CREATION IMMEDIATE 
  PCTFREE 10 PCTUSED 40 INITRANS 1 MAXTRANS 255 
 NOCOMPRESS LOGGING
  STORAGE(INITIAL 65536 NEXT 1048576 MINEXTENTS 1 MAXEXTENTS 2147483645
  PCTINCREASE 0 FREELISTS 1 FREELIST GROUPS 1
  BUFFER_POOL DEFAULT FLASH_CACHE DEFAULT CELL_FLASH_CACHE DEFAULT)
  TABLESPACE "USERS" ;
--------------------------------------------------------
--  DDL for Table METAS_AHORROS
--------------------------------------------------------

  CREATE TABLE "SISGESTPRESUPUESTOS"."METAS_AHORROS" 
   (	"ID_META_AHORRO" NUMBER GENERATED ALWAYS AS IDENTITY MINVALUE 1 MAXVALUE 9999999999999999999999999999 INCREMENT BY 1 START WITH 1 CACHE 20 NOORDER  NOCYCLE  NOKEEP  NOSCALE , 
	"ID_USUARIO" NUMBER, 
	"ID_SUBCATEGORIA" NUMBER, 
	"NOMBRE" VARCHAR2(100 BYTE), 
	"DESCRIPCION" VARCHAR2(200 BYTE), 
	"MONTO_META" NUMBER, 
	"MONTO_AHORRADO" NUMBER, 
	"FECHA_INICIO" TIMESTAMP (6), 
	"FECHA_OBJETIVO" TIMESTAMP (6), 
	"PRIORIDAD" VARCHAR2(50 BYTE), 
	"ESTADO" VARCHAR2(50 BYTE), 
	"FECHA_CREACION" TIMESTAMP (6) DEFAULT CURRENT_TIMESTAMP, 
	"USUARIO_CREACION" VARCHAR2(50 BYTE), 
	"FECHA_MODIFICACION" TIMESTAMP (6), 
	"USUARIO_MODIFICACION" VARCHAR2(50 BYTE)
   ) SEGMENT CREATION IMMEDIATE 
  PCTFREE 10 PCTUSED 40 INITRANS 1 MAXTRANS 255 
 NOCOMPRESS LOGGING
  STORAGE(INITIAL 65536 NEXT 1048576 MINEXTENTS 1 MAXEXTENTS 2147483645
  PCTINCREASE 0 FREELISTS 1 FREELIST GROUPS 1
  BUFFER_POOL DEFAULT FLASH_CACHE DEFAULT CELL_FLASH_CACHE DEFAULT)
  TABLESPACE "USERS" ;
--------------------------------------------------------
--  DDL for Table CATEGORIAS
--------------------------------------------------------

  CREATE TABLE "SISGESTPRESUPUESTOS"."CATEGORIAS" 
   (	"ID_CATEGORIA" NUMBER GENERATED ALWAYS AS IDENTITY MINVALUE 1 MAXVALUE 9999999999999999999999999999 INCREMENT BY 1 START WITH 1 CACHE 20 NOORDER  NOCYCLE  NOKEEP  NOSCALE , 
	"NOMBRE" VARCHAR2(100 BYTE), 
	"DESCRIPCION" VARCHAR2(150 BYTE), 
	"TIPO_CATEGORIA" VARCHAR2(50 BYTE), 
	"ICONO" VARCHAR2(50 BYTE), 
	"COLOR" VARCHAR2(20 BYTE), 
	"FECHA_CREACION" TIMESTAMP (6) DEFAULT CURRENT_TIMESTAMP, 
	"USUARIO_CREACION" VARCHAR2(50 BYTE), 
	"FECHA_MODIFICACION" TIMESTAMP (6), 
	"USUARIO_MODIFICACION" VARCHAR2(50 BYTE)
   ) SEGMENT CREATION IMMEDIATE 
  PCTFREE 10 PCTUSED 40 INITRANS 1 MAXTRANS 255 
 NOCOMPRESS LOGGING
  STORAGE(INITIAL 65536 NEXT 1048576 MINEXTENTS 1 MAXEXTENTS 2147483645
  PCTINCREASE 0 FREELISTS 1 FREELIST GROUPS 1
  BUFFER_POOL DEFAULT FLASH_CACHE DEFAULT CELL_FLASH_CACHE DEFAULT)
  TABLESPACE "USERS" ;
REM INSERTING into SISGESTPRESUPUESTOS.USUARIOS
SET DEFINE OFF;
Insert into SISGESTPRESUPUESTOS.USUARIOS (ID_USUARIO,NOMBRES,APELLIDOS,CORREO,FECHA_REGISTRO,SALARIO,ACTIVO,FECHA_CREACION,USUARIO_CREACION,FECHA_MODIFICACION,USUARIO_MODIFICACION) values (23,'x','x','x12',to_timestamp('15-DEC-25 02.48.20.435000000 AM','DD-MON-RR HH.MI.SSXFF AM'),123,'Y',to_timestamp('15-DEC-25 02.48.20.435000000 AM','DD-MON-RR HH.MI.SSXFF AM'),'admin',null,null);
Insert into SISGESTPRESUPUESTOS.USUARIOS (ID_USUARIO,NOMBRES,APELLIDOS,CORREO,FECHA_REGISTRO,SALARIO,ACTIVO,FECHA_CREACION,USUARIO_CREACION,FECHA_MODIFICACION,USUARIO_MODIFICACION) values (24,'test','test','test',to_timestamp('15-DEC-25 02.53.15.251000000 AM','DD-MON-RR HH.MI.SSXFF AM'),123,'Y',to_timestamp('15-DEC-25 02.53.15.251000000 AM','DD-MON-RR HH.MI.SSXFF AM'),'admin',null,null);
Insert into SISGESTPRESUPUESTOS.USUARIOS (ID_USUARIO,NOMBRES,APELLIDOS,CORREO,FECHA_REGISTRO,SALARIO,ACTIVO,FECHA_CREACION,USUARIO_CREACION,FECHA_MODIFICACION,USUARIO_MODIFICACION) values (25,'test1','test','test1',to_timestamp('15-DEC-25 02.54.44.600000000 AM','DD-MON-RR HH.MI.SSXFF AM'),1231,'Y',to_timestamp('15-DEC-25 02.54.44.600000000 AM','DD-MON-RR HH.MI.SSXFF AM'),'admin',null,null);
Insert into SISGESTPRESUPUESTOS.USUARIOS (ID_USUARIO,NOMBRES,APELLIDOS,CORREO,FECHA_REGISTRO,SALARIO,ACTIVO,FECHA_CREACION,USUARIO_CREACION,FECHA_MODIFICACION,USUARIO_MODIFICACION) values (26,'ae','ae','ae',to_timestamp('15-DEC-25 02.56.18.944000000 AM','DD-MON-RR HH.MI.SSXFF AM'),123,'Y',to_timestamp('15-DEC-25 02.56.18.944000000 AM','DD-MON-RR HH.MI.SSXFF AM'),'admin',null,null);
Insert into SISGESTPRESUPUESTOS.USUARIOS (ID_USUARIO,NOMBRES,APELLIDOS,CORREO,FECHA_REGISTRO,SALARIO,ACTIVO,FECHA_CREACION,USUARIO_CREACION,FECHA_MODIFICACION,USUARIO_MODIFICACION) values (27,'test12','test12','test12',to_timestamp('15-DEC-25 02.58.45.566000000 AM','DD-MON-RR HH.MI.SSXFF AM'),123,'Y',to_timestamp('15-DEC-25 02.58.45.566000000 AM','DD-MON-RR HH.MI.SSXFF AM'),'admin',null,null);
Insert into SISGESTPRESUPUESTOS.USUARIOS (ID_USUARIO,NOMBRES,APELLIDOS,CORREO,FECHA_REGISTRO,SALARIO,ACTIVO,FECHA_CREACION,USUARIO_CREACION,FECHA_MODIFICACION,USUARIO_MODIFICACION) values (21,'Jorge','jdiscua21@unitec.edu','20',to_timestamp('15-DEC-25 02.15.23.055000000 AM','DD-MON-RR HH.MI.SSXFF AM'),1000,'Y',to_timestamp('15-DEC-25 02.15.23.055000000 AM','DD-MON-RR HH.MI.SSXFF AM'),'frontend',null,null);
Insert into SISGESTPRESUPUESTOS.USUARIOS (ID_USUARIO,NOMBRES,APELLIDOS,CORREO,FECHA_REGISTRO,SALARIO,ACTIVO,FECHA_CREACION,USUARIO_CREACION,FECHA_MODIFICACION,USUARIO_MODIFICACION) values (22,'juan','a','juana@juana',to_timestamp('15-DEC-25 02.42.21.189000000 AM','DD-MON-RR HH.MI.SSXFF AM'),1111,'Y',to_timestamp('15-DEC-25 02.42.21.189000000 AM','DD-MON-RR HH.MI.SSXFF AM'),'admin',null,null);
Insert into SISGESTPRESUPUESTOS.USUARIOS (ID_USUARIO,NOMBRES,APELLIDOS,CORREO,FECHA_REGISTRO,SALARIO,ACTIVO,FECHA_CREACION,USUARIO_CREACION,FECHA_MODIFICACION,USUARIO_MODIFICACION) values (41,'Ale','Discua','test3@gmail',to_timestamp('15-DEC-25 08.26.23.997000000 AM','DD-MON-RR HH.MI.SSXFF AM'),1000,'Y',to_timestamp('15-DEC-25 08.26.23.997000000 AM','DD-MON-RR HH.MI.SSXFF AM'),'admin',null,null);
Insert into SISGESTPRESUPUESTOS.USUARIOS (ID_USUARIO,NOMBRES,APELLIDOS,CORREO,FECHA_REGISTRO,SALARIO,ACTIVO,FECHA_CREACION,USUARIO_CREACION,FECHA_MODIFICACION,USUARIO_MODIFICACION) values (42,'Edgar','Vasquez','edgarv@unitec',to_timestamp('15-DEC-25 08.51.23.074000000 AM','DD-MON-RR HH.MI.SSXFF AM'),1000,'Y',to_timestamp('15-DEC-25 08.51.23.074000000 AM','DD-MON-RR HH.MI.SSXFF AM'),'admin',null,null);
Insert into SISGESTPRESUPUESTOS.USUARIOS (ID_USUARIO,NOMBRES,APELLIDOS,CORREO,FECHA_REGISTRO,SALARIO,ACTIVO,FECHA_CREACION,USUARIO_CREACION,FECHA_MODIFICACION,USUARIO_MODIFICACION) values (1,'Juan','Perez','juan@test.com',to_timestamp('13-DEC-25 02.48.59.353000000 AM','DD-MON-RR HH.MI.SSXFF AM'),15000,'N',to_timestamp('13-DEC-25 02.48.59.353000000 AM','DD-MON-RR HH.MI.SSXFF AM'),'admin',to_timestamp('13-DEC-25 02.48.59.579000000 AM','DD-MON-RR HH.MI.SSXFF AM'),'admin');
REM INSERTING into SISGESTPRESUPUESTOS.TRANSACCIONES
SET DEFINE OFF;
Insert into SISGESTPRESUPUESTOS.TRANSACCIONES (ID_TRANSACCION,ID_USUARIO,ID_PRESUPUESTO,FECHA,ID_SUBCATEGORIA,ID_OBLIGACION_FIJA,TIPO_TRANSACCION,DESCRIPCION,MONTO,METODO_PAGO,FECHA_REGISTRO,FECHA_CREACION,USUARIO_CREACION,FECHA_MODIFICACION,USUARIO_MODIFICACION) values (25,null,1,to_timestamp('12-DEC-25 12.00.00.000000000 AM','DD-MON-RR HH.MI.SSXFF AM'),1,null,'AHORRO','Comida de perro',1000,'Tarjeta',to_timestamp('15-DEC-25 04.18.08.290000000 AM','DD-MON-RR HH.MI.SSXFF AM'),to_timestamp('15-DEC-25 04.18.08.290000000 AM','DD-MON-RR HH.MI.SSXFF AM'),'admin',null,null);
Insert into SISGESTPRESUPUESTOS.TRANSACCIONES (ID_TRANSACCION,ID_USUARIO,ID_PRESUPUESTO,FECHA,ID_SUBCATEGORIA,ID_OBLIGACION_FIJA,TIPO_TRANSACCION,DESCRIPCION,MONTO,METODO_PAGO,FECHA_REGISTRO,FECHA_CREACION,USUARIO_CREACION,FECHA_MODIFICACION,USUARIO_MODIFICACION) values (26,null,1,to_timestamp('12-DEC-25 12.00.00.000000000 AM','DD-MON-RR HH.MI.SSXFF AM'),1,null,'AHORRO','El vuelto de la pulpe',100,'efectivo',to_timestamp('15-DEC-25 04.43.54.000000000 AM','DD-MON-RR HH.MI.SSXFF AM'),to_timestamp('15-DEC-25 04.43.54.843000000 AM','DD-MON-RR HH.MI.SSXFF AM'),'admin',null,null);
Insert into SISGESTPRESUPUESTOS.TRANSACCIONES (ID_TRANSACCION,ID_USUARIO,ID_PRESUPUESTO,FECHA,ID_SUBCATEGORIA,ID_OBLIGACION_FIJA,TIPO_TRANSACCION,DESCRIPCION,MONTO,METODO_PAGO,FECHA_REGISTRO,FECHA_CREACION,USUARIO_CREACION,FECHA_MODIFICACION,USUARIO_MODIFICACION) values (1,1,1,to_timestamp('13-DEC-25 05.44.02.000000000 PM','DD-MON-RR HH.MI.SSXFF AM'),1,null,'GASTO','Compra supermercado',350,'EFECTIVO',to_timestamp('13-DEC-25 05.44.02.908000000 PM','DD-MON-RR HH.MI.SSXFF AM'),to_timestamp('13-DEC-25 05.44.02.908000000 PM','DD-MON-RR HH.MI.SSXFF AM'),'admin',null,null);
Insert into SISGESTPRESUPUESTOS.TRANSACCIONES (ID_TRANSACCION,ID_USUARIO,ID_PRESUPUESTO,FECHA,ID_SUBCATEGORIA,ID_OBLIGACION_FIJA,TIPO_TRANSACCION,DESCRIPCION,MONTO,METODO_PAGO,FECHA_REGISTRO,FECHA_CREACION,USUARIO_CREACION,FECHA_MODIFICACION,USUARIO_MODIFICACION) values (2,1,1,to_timestamp('13-DEC-25 06.12.08.000000000 PM','DD-MON-RR HH.MI.SSXFF AM'),21,null,'AHORRO','Ahorro mensual',500,'EFECTIVO',to_timestamp('13-DEC-25 06.12.08.993000000 PM','DD-MON-RR HH.MI.SSXFF AM'),to_timestamp('13-DEC-25 06.12.08.993000000 PM','DD-MON-RR HH.MI.SSXFF AM'),'admin',null,null);
Insert into SISGESTPRESUPUESTOS.TRANSACCIONES (ID_TRANSACCION,ID_USUARIO,ID_PRESUPUESTO,FECHA,ID_SUBCATEGORIA,ID_OBLIGACION_FIJA,TIPO_TRANSACCION,DESCRIPCION,MONTO,METODO_PAGO,FECHA_REGISTRO,FECHA_CREACION,USUARIO_CREACION,FECHA_MODIFICACION,USUARIO_MODIFICACION) values (3,1,1,to_timestamp('13-DEC-25 06.12.28.000000000 PM','DD-MON-RR HH.MI.SSXFF AM'),21,null,'AHORRO','Ahorro mensual',500,'EFECTIVO',to_timestamp('13-DEC-25 06.12.28.603000000 PM','DD-MON-RR HH.MI.SSXFF AM'),to_timestamp('13-DEC-25 06.12.28.603000000 PM','DD-MON-RR HH.MI.SSXFF AM'),'admin',null,null);
Insert into SISGESTPRESUPUESTOS.TRANSACCIONES (ID_TRANSACCION,ID_USUARIO,ID_PRESUPUESTO,FECHA,ID_SUBCATEGORIA,ID_OBLIGACION_FIJA,TIPO_TRANSACCION,DESCRIPCION,MONTO,METODO_PAGO,FECHA_REGISTRO,FECHA_CREACION,USUARIO_CREACION,FECHA_MODIFICACION,USUARIO_MODIFICACION) values (4,1,1,to_timestamp('13-DEC-25 06.32.16.000000000 PM','DD-MON-RR HH.MI.SSXFF AM'),21,null,'AHORRO','Ahorro mensual',500,'EFECTIVO',to_timestamp('13-DEC-25 06.32.16.556000000 PM','DD-MON-RR HH.MI.SSXFF AM'),to_timestamp('13-DEC-25 06.32.16.556000000 PM','DD-MON-RR HH.MI.SSXFF AM'),'admin',null,null);
Insert into SISGESTPRESUPUESTOS.TRANSACCIONES (ID_TRANSACCION,ID_USUARIO,ID_PRESUPUESTO,FECHA,ID_SUBCATEGORIA,ID_OBLIGACION_FIJA,TIPO_TRANSACCION,DESCRIPCION,MONTO,METODO_PAGO,FECHA_REGISTRO,FECHA_CREACION,USUARIO_CREACION,FECHA_MODIFICACION,USUARIO_MODIFICACION) values (5,1,1,to_timestamp('13-DEC-25 06.52.30.000000000 PM','DD-MON-RR HH.MI.SSXFF AM'),21,null,'AHORRO','Ahorro automático',300,'EFECTIVO',to_timestamp('13-DEC-25 06.52.30.130000000 PM','DD-MON-RR HH.MI.SSXFF AM'),to_timestamp('13-DEC-25 06.52.30.130000000 PM','DD-MON-RR HH.MI.SSXFF AM'),'admin',null,null);
REM INSERTING into SISGESTPRESUPUESTOS.SUBCATEGORIAS
SET DEFINE OFF;
Insert into SISGESTPRESUPUESTOS.SUBCATEGORIAS (ID_SUBCATEGORIA,ID_CATEGORIA,NOMBRE,ACTIVA,SUBCATEGORIA_POR_DEFECTO) values (41,41,'General','Y','Y');
Insert into SISGESTPRESUPUESTOS.SUBCATEGORIAS (ID_SUBCATEGORIA,ID_CATEGORIA,NOMBRE,ACTIVA,SUBCATEGORIA_POR_DEFECTO) values (1,1,'General','Y','N');
Insert into SISGESTPRESUPUESTOS.SUBCATEGORIAS (ID_SUBCATEGORIA,ID_CATEGORIA,NOMBRE,ACTIVA,SUBCATEGORIA_POR_DEFECTO) values (2,1,'Supermercado','Y','N');
Insert into SISGESTPRESUPUESTOS.SUBCATEGORIAS (ID_SUBCATEGORIA,ID_CATEGORIA,NOMBRE,ACTIVA,SUBCATEGORIA_POR_DEFECTO) values (3,1,'Otros','Y','Y');
Insert into SISGESTPRESUPUESTOS.SUBCATEGORIAS (ID_SUBCATEGORIA,ID_CATEGORIA,NOMBRE,ACTIVA,SUBCATEGORIA_POR_DEFECTO) values (21,21,'General','Y','Y');
REM INSERTING into SISGESTPRESUPUESTOS.PRESUPUESTOS
SET DEFINE OFF;
Insert into SISGESTPRESUPUESTOS.PRESUPUESTOS (ID_PRESUPUESTO,ID_USUARIO,NOMBRE_DESCRIPTIVO,FECHA_INICIO,FECHA_FIN,INGRESOS_PLANIFICADOS,GASTOS_PLANIFICADOS,AHORROS_PLANIFICADOS,FECHA_CREACION,ESTADO,USUARIO_CREACION,FECHA_MODIFICACION,USUARIO_MODIFICACION) values (21,1,'Ahorros de diciembre',to_timestamp('01-DEC-25 12.00.00.000000000 AM','DD-MON-RR HH.MI.SSXFF AM'),to_timestamp('01-JAN-26 12.00.00.000000000 AM','DD-MON-RR HH.MI.SSXFF AM'),1000,800,200,to_timestamp('15-DEC-25 03.26.20.271000000 AM','DD-MON-RR HH.MI.SSXFF AM'),'ACTIVO','admin',null,null);
Insert into SISGESTPRESUPUESTOS.PRESUPUESTOS (ID_PRESUPUESTO,ID_USUARIO,NOMBRE_DESCRIPTIVO,FECHA_INICIO,FECHA_FIN,INGRESOS_PLANIFICADOS,GASTOS_PLANIFICADOS,AHORROS_PLANIFICADOS,FECHA_CREACION,ESTADO,USUARIO_CREACION,FECHA_MODIFICACION,USUARIO_MODIFICACION) values (1,1,'Presupuesto Febrero 2025',to_timestamp('01-FEB-25 12.00.00.000000000 AM','DD-MON-RR HH.MI.SSXFF AM'),to_timestamp('28-FEB-25 12.00.00.000000000 AM','DD-MON-RR HH.MI.SSXFF AM'),22000,16000,3000,to_timestamp('13-DEC-25 03.57.40.843000000 AM','DD-MON-RR HH.MI.SSXFF AM'),'ACTIVO','admin',to_timestamp('13-DEC-25 06.59.34.871000000 PM','DD-MON-RR HH.MI.SSXFF AM'),'admin');
REM INSERTING into SISGESTPRESUPUESTOS.PRESUPUESTO_DETALLES
SET DEFINE OFF;
Insert into SISGESTPRESUPUESTOS.PRESUPUESTO_DETALLES (ID_PRESUPUESTO_DETALLE,ID_PRESUPUESTO,ID_SUBCATEGORIA,MONTO_MENSUAL,OBSERVACIONES) values (1,1,1,4000,'Presupuesto supermercado mensual');
REM INSERTING into SISGESTPRESUPUESTOS.OBLIGACIONES_FIJAS
SET DEFINE OFF;
Insert into SISGESTPRESUPUESTOS.OBLIGACIONES_FIJAS (ID_OBLIGACION_FIJA,ID_USUARIO,ID_SUBCATEGORIA,NOMBRE,DESCRIPCION,MONTO_MENSUAL,FECHA_INICIO,FECHA_VENCIMIENTO,ACTIVA,FECHA_CREACION,USUARIO_CREACION,FECHA_MODIFICACION,USUARIO_MODIFICACION) values (21,null,1,'Renta','la casa',1000,to_timestamp('01-JAN-25 12.00.00.000000000 AM','DD-MON-RR HH.MI.SSXFF AM'),to_timestamp('01-DEC-25 12.00.00.000000000 AM','DD-MON-RR HH.MI.SSXFF AM'),'Y',to_timestamp('15-DEC-25 04.22.07.765000000 AM','DD-MON-RR HH.MI.SSXFF AM'),'admin',null,null);
Insert into SISGESTPRESUPUESTOS.OBLIGACIONES_FIJAS (ID_OBLIGACION_FIJA,ID_USUARIO,ID_SUBCATEGORIA,NOMBRE,DESCRIPCION,MONTO_MENSUAL,FECHA_INICIO,FECHA_VENCIMIENTO,ACTIVA,FECHA_CREACION,USUARIO_CREACION,FECHA_MODIFICACION,USUARIO_MODIFICACION) values (1,1,1,'Alquiler','Pago mensual de vivienda',5000,to_timestamp('01-JAN-25 12.00.00.000000000 AM','DD-MON-RR HH.MI.SSXFF AM'),null,'Y',to_timestamp('13-DEC-25 05.19.40.952000000 PM','DD-MON-RR HH.MI.SSXFF AM'),'admin',null,null);
REM INSERTING into SISGESTPRESUPUESTOS.METAS_AHORROS
SET DEFINE OFF;
Insert into SISGESTPRESUPUESTOS.METAS_AHORROS (ID_META_AHORRO,ID_USUARIO,ID_SUBCATEGORIA,NOMBRE,DESCRIPCION,MONTO_META,MONTO_AHORRADO,FECHA_INICIO,FECHA_OBJETIVO,PRIORIDAD,ESTADO,FECHA_CREACION,USUARIO_CREACION,FECHA_MODIFICACION,USUARIO_MODIFICACION) values (21,null,21,'Salir de la pobreza','quiero pisto',99999999999,0,to_timestamp('12-DEC-25 12.00.00.000000000 AM','DD-MON-RR HH.MI.SSXFF AM'),to_timestamp('12-DEC-26 12.00.00.000000000 AM','DD-MON-RR HH.MI.SSXFF AM'),'ALTA','ACTIVA',to_timestamp('15-DEC-25 04.34.57.283000000 AM','DD-MON-RR HH.MI.SSXFF AM'),'admin',null,null);
Insert into SISGESTPRESUPUESTOS.METAS_AHORROS (ID_META_AHORRO,ID_USUARIO,ID_SUBCATEGORIA,NOMBRE,DESCRIPCION,MONTO_META,MONTO_AHORRADO,FECHA_INICIO,FECHA_OBJETIVO,PRIORIDAD,ESTADO,FECHA_CREACION,USUARIO_CREACION,FECHA_MODIFICACION,USUARIO_MODIFICACION) values (1,1,21,'Fondo de emergencia','Ahorrar para imprevistos',10000,2100,to_timestamp('01-JAN-25 12.00.00.000000000 AM','DD-MON-RR HH.MI.SSXFF AM'),to_timestamp('31-DEC-25 12.00.00.000000000 AM','DD-MON-RR HH.MI.SSXFF AM'),'ALTA','ACTIVA',to_timestamp('13-DEC-25 05.36.30.952000000 PM','DD-MON-RR HH.MI.SSXFF AM'),'admin',to_timestamp('13-DEC-25 06.52.30.134000000 PM','DD-MON-RR HH.MI.SSXFF AM'),null);
REM INSERTING into SISGESTPRESUPUESTOS.CATEGORIAS
SET DEFINE OFF;
Insert into SISGESTPRESUPUESTOS.CATEGORIAS (ID_CATEGORIA,NOMBRE,DESCRIPCION,TIPO_CATEGORIA,ICONO,COLOR,FECHA_CREACION,USUARIO_CREACION,FECHA_MODIFICACION,USUARIO_MODIFICACION) values (41,'Ahorros','Para ahorros','INGRESO',null,'Rojo',to_timestamp('15-DEC-25 02.59.13.432000000 AM','DD-MON-RR HH.MI.SSXFF AM'),'admin',null,null);
Insert into SISGESTPRESUPUESTOS.CATEGORIAS (ID_CATEGORIA,NOMBRE,DESCRIPCION,TIPO_CATEGORIA,ICONO,COLOR,FECHA_CREACION,USUARIO_CREACION,FECHA_MODIFICACION,USUARIO_MODIFICACION) values (1,'Alimentación','Gastos de comida','GASTO','food','#FF5733',to_timestamp('13-DEC-25 03.04.40.486000000 AM','DD-MON-RR HH.MI.SSXFF AM'),'admin',null,null);
Insert into SISGESTPRESUPUESTOS.CATEGORIAS (ID_CATEGORIA,NOMBRE,DESCRIPCION,TIPO_CATEGORIA,ICONO,COLOR,FECHA_CREACION,USUARIO_CREACION,FECHA_MODIFICACION,USUARIO_MODIFICACION) values (21,'Ahorros','Categoría destinada a ahorro','AHORRO','piggy-bank','#2ECC71',to_timestamp('13-DEC-25 05.35.25.017000000 PM','DD-MON-RR HH.MI.SSXFF AM'),'admin',null,null);
--------------------------------------------------------
--  DDL for Index SYS_C008242
--------------------------------------------------------

  CREATE UNIQUE INDEX "SISGESTPRESUPUESTOS"."SYS_C008242" ON "SISGESTPRESUPUESTOS"."USUARIOS" ("ID_USUARIO") 
  PCTFREE 10 INITRANS 2 MAXTRANS 255 COMPUTE STATISTICS 
  STORAGE(INITIAL 65536 NEXT 1048576 MINEXTENTS 1 MAXEXTENTS 2147483645
  PCTINCREASE 0 FREELISTS 1 FREELIST GROUPS 1
  BUFFER_POOL DEFAULT FLASH_CACHE DEFAULT CELL_FLASH_CACHE DEFAULT)
  TABLESPACE "USERS" ;
--------------------------------------------------------
--  DDL for Index SYS_C008254
--------------------------------------------------------

  CREATE UNIQUE INDEX "SISGESTPRESUPUESTOS"."SYS_C008254" ON "SISGESTPRESUPUESTOS"."TRANSACCIONES" ("ID_TRANSACCION") 
  PCTFREE 10 INITRANS 2 MAXTRANS 255 COMPUTE STATISTICS 
  STORAGE(INITIAL 65536 NEXT 1048576 MINEXTENTS 1 MAXEXTENTS 2147483645
  PCTINCREASE 0 FREELISTS 1 FREELIST GROUPS 1
  BUFFER_POOL DEFAULT FLASH_CACHE DEFAULT CELL_FLASH_CACHE DEFAULT)
  TABLESPACE "USERS" ;
--------------------------------------------------------
--  DDL for Index SYS_C008246
--------------------------------------------------------

  CREATE UNIQUE INDEX "SISGESTPRESUPUESTOS"."SYS_C008246" ON "SISGESTPRESUPUESTOS"."SUBCATEGORIAS" ("ID_SUBCATEGORIA") 
  PCTFREE 10 INITRANS 2 MAXTRANS 255 COMPUTE STATISTICS 
  STORAGE(INITIAL 65536 NEXT 1048576 MINEXTENTS 1 MAXEXTENTS 2147483645
  PCTINCREASE 0 FREELISTS 1 FREELIST GROUPS 1
  BUFFER_POOL DEFAULT FLASH_CACHE DEFAULT CELL_FLASH_CACHE DEFAULT)
  TABLESPACE "USERS" ;
--------------------------------------------------------
--  DDL for Index SYS_C008248
--------------------------------------------------------

  CREATE UNIQUE INDEX "SISGESTPRESUPUESTOS"."SYS_C008248" ON "SISGESTPRESUPUESTOS"."PRESUPUESTOS" ("ID_PRESUPUESTO") 
  PCTFREE 10 INITRANS 2 MAXTRANS 255 COMPUTE STATISTICS 
  STORAGE(INITIAL 65536 NEXT 1048576 MINEXTENTS 1 MAXEXTENTS 2147483645
  PCTINCREASE 0 FREELISTS 1 FREELIST GROUPS 1
  BUFFER_POOL DEFAULT FLASH_CACHE DEFAULT CELL_FLASH_CACHE DEFAULT)
  TABLESPACE "USERS" ;
--------------------------------------------------------
--  DDL for Index SYS_C008250
--------------------------------------------------------

  CREATE UNIQUE INDEX "SISGESTPRESUPUESTOS"."SYS_C008250" ON "SISGESTPRESUPUESTOS"."PRESUPUESTO_DETALLES" ("ID_PRESUPUESTO_DETALLE") 
  PCTFREE 10 INITRANS 2 MAXTRANS 255 COMPUTE STATISTICS 
  STORAGE(INITIAL 65536 NEXT 1048576 MINEXTENTS 1 MAXEXTENTS 2147483645
  PCTINCREASE 0 FREELISTS 1 FREELIST GROUPS 1
  BUFFER_POOL DEFAULT FLASH_CACHE DEFAULT CELL_FLASH_CACHE DEFAULT)
  TABLESPACE "USERS" ;
--------------------------------------------------------
--  DDL for Index SYS_C008252
--------------------------------------------------------

  CREATE UNIQUE INDEX "SISGESTPRESUPUESTOS"."SYS_C008252" ON "SISGESTPRESUPUESTOS"."OBLIGACIONES_FIJAS" ("ID_OBLIGACION_FIJA") 
  PCTFREE 10 INITRANS 2 MAXTRANS 255 COMPUTE STATISTICS 
  STORAGE(INITIAL 65536 NEXT 1048576 MINEXTENTS 1 MAXEXTENTS 2147483645
  PCTINCREASE 0 FREELISTS 1 FREELIST GROUPS 1
  BUFFER_POOL DEFAULT FLASH_CACHE DEFAULT CELL_FLASH_CACHE DEFAULT)
  TABLESPACE "USERS" ;
--------------------------------------------------------
--  DDL for Index SYS_C008256
--------------------------------------------------------

  CREATE UNIQUE INDEX "SISGESTPRESUPUESTOS"."SYS_C008256" ON "SISGESTPRESUPUESTOS"."METAS_AHORROS" ("ID_META_AHORRO") 
  PCTFREE 10 INITRANS 2 MAXTRANS 255 COMPUTE STATISTICS 
  STORAGE(INITIAL 65536 NEXT 1048576 MINEXTENTS 1 MAXEXTENTS 2147483645
  PCTINCREASE 0 FREELISTS 1 FREELIST GROUPS 1
  BUFFER_POOL DEFAULT FLASH_CACHE DEFAULT CELL_FLASH_CACHE DEFAULT)
  TABLESPACE "USERS" ;
--------------------------------------------------------
--  DDL for Index SYS_C008244
--------------------------------------------------------

  CREATE UNIQUE INDEX "SISGESTPRESUPUESTOS"."SYS_C008244" ON "SISGESTPRESUPUESTOS"."CATEGORIAS" ("ID_CATEGORIA") 
  PCTFREE 10 INITRANS 2 MAXTRANS 255 COMPUTE STATISTICS 
  STORAGE(INITIAL 65536 NEXT 1048576 MINEXTENTS 1 MAXEXTENTS 2147483645
  PCTINCREASE 0 FREELISTS 1 FREELIST GROUPS 1
  BUFFER_POOL DEFAULT FLASH_CACHE DEFAULT CELL_FLASH_CACHE DEFAULT)
  TABLESPACE "USERS" ;
--------------------------------------------------------
--  DDL for Trigger TRG_TRANSACCIONES_AUDIT_UPD
--------------------------------------------------------

  CREATE OR REPLACE EDITIONABLE TRIGGER "SISGESTPRESUPUESTOS"."TRG_TRANSACCIONES_AUDIT_UPD" 
BEFORE UPDATE ON TRANSACCIONES
FOR EACH ROW
BEGIN
    :NEW.FECHA_MODIFICACION := CURRENT_TIMESTAMP;
END;

/
ALTER TRIGGER "SISGESTPRESUPUESTOS"."TRG_TRANSACCIONES_AUDIT_UPD" ENABLE;
--------------------------------------------------------
--  DDL for Trigger TRG_TRANSACCION_AHORRO_META
--------------------------------------------------------

  CREATE OR REPLACE EDITIONABLE TRIGGER "SISGESTPRESUPUESTOS"."TRG_TRANSACCION_AHORRO_META" 
AFTER INSERT ON TRANSACCIONES
FOR EACH ROW
BEGIN
    IF :NEW.TIPO_TRANSACCION = 'AHORRO' THEN
        sp_actualizar_metas_por_ahorro(
            :NEW.ID_USUARIO,
            :NEW.ID_SUBCATEGORIA,
            :NEW.MONTO
        );
    END IF;
END;

/
ALTER TRIGGER "SISGESTPRESUPUESTOS"."TRG_TRANSACCION_AHORRO_META" ENABLE;
--------------------------------------------------------
--  DDL for Trigger TRG_NO_TRANSACCION_PRESUPUESTO_CERRADO
--------------------------------------------------------

  CREATE OR REPLACE EDITIONABLE TRIGGER "SISGESTPRESUPUESTOS"."TRG_NO_TRANSACCION_PRESUPUESTO_CERRADO" 
BEFORE INSERT ON TRANSACCIONES
FOR EACH ROW
DECLARE
    v_estado PRESUPUESTOS.ESTADO%TYPE;
BEGIN
    SELECT ESTADO
    INTO v_estado
    FROM PRESUPUESTOS
    WHERE ID_PRESUPUESTO = :NEW.ID_PRESUPUESTO;

    IF v_estado <> 'ACTIVO' THEN
        RAISE_APPLICATION_ERROR(
            -20200,
            'No se pueden registrar transacciones en presupuestos cerrados'
        );
    END IF;
END;

/
ALTER TRIGGER "SISGESTPRESUPUESTOS"."TRG_NO_TRANSACCION_PRESUPUESTO_CERRADO" ENABLE;
--------------------------------------------------------
--  DDL for Trigger TRG_CATEGORIA_SUBCAT_DEF
--------------------------------------------------------

  CREATE OR REPLACE EDITIONABLE TRIGGER "SISGESTPRESUPUESTOS"."TRG_CATEGORIA_SUBCAT_DEF" 
AFTER INSERT ON CATEGORIAS
FOR EACH ROW
BEGIN
    INSERT INTO SUBCATEGORIAS (
        ID_CATEGORIA,
        NOMBRE,
        ACTIVA,
        SUBCATEGORIA_POR_DEFECTO
    ) VALUES (
        :NEW.ID_CATEGORIA,
        'General',
        'Y',
        'Y'
    );
END;

/
ALTER TRIGGER "SISGESTPRESUPUESTOS"."TRG_CATEGORIA_SUBCAT_DEF" ENABLE;
--------------------------------------------------------
--  Constraints for Table USUARIOS
--------------------------------------------------------

  ALTER TABLE "SISGESTPRESUPUESTOS"."USUARIOS" MODIFY ("ID_USUARIO" NOT NULL ENABLE);
  ALTER TABLE "SISGESTPRESUPUESTOS"."USUARIOS" ADD PRIMARY KEY ("ID_USUARIO")
  USING INDEX PCTFREE 10 INITRANS 2 MAXTRANS 255 COMPUTE STATISTICS 
  STORAGE(INITIAL 65536 NEXT 1048576 MINEXTENTS 1 MAXEXTENTS 2147483645
  PCTINCREASE 0 FREELISTS 1 FREELIST GROUPS 1
  BUFFER_POOL DEFAULT FLASH_CACHE DEFAULT CELL_FLASH_CACHE DEFAULT)
  TABLESPACE "USERS"  ENABLE;
  ALTER TABLE "SISGESTPRESUPUESTOS"."USUARIOS" MODIFY ("FECHA_CREACION" NOT NULL ENABLE);
  ALTER TABLE "SISGESTPRESUPUESTOS"."USUARIOS" MODIFY ("USUARIO_CREACION" NOT NULL ENABLE);
--------------------------------------------------------
--  Constraints for Table TRANSACCIONES
--------------------------------------------------------

  ALTER TABLE "SISGESTPRESUPUESTOS"."TRANSACCIONES" MODIFY ("ID_TRANSACCION" NOT NULL ENABLE);
  ALTER TABLE "SISGESTPRESUPUESTOS"."TRANSACCIONES" ADD PRIMARY KEY ("ID_TRANSACCION")
  USING INDEX PCTFREE 10 INITRANS 2 MAXTRANS 255 COMPUTE STATISTICS 
  STORAGE(INITIAL 65536 NEXT 1048576 MINEXTENTS 1 MAXEXTENTS 2147483645
  PCTINCREASE 0 FREELISTS 1 FREELIST GROUPS 1
  BUFFER_POOL DEFAULT FLASH_CACHE DEFAULT CELL_FLASH_CACHE DEFAULT)
  TABLESPACE "USERS"  ENABLE;
  ALTER TABLE "SISGESTPRESUPUESTOS"."TRANSACCIONES" MODIFY ("FECHA_CREACION" NOT NULL ENABLE);
  ALTER TABLE "SISGESTPRESUPUESTOS"."TRANSACCIONES" MODIFY ("USUARIO_CREACION" NOT NULL ENABLE);
--------------------------------------------------------
--  Constraints for Table SUBCATEGORIAS
--------------------------------------------------------

  ALTER TABLE "SISGESTPRESUPUESTOS"."SUBCATEGORIAS" MODIFY ("ID_SUBCATEGORIA" NOT NULL ENABLE);
  ALTER TABLE "SISGESTPRESUPUESTOS"."SUBCATEGORIAS" ADD PRIMARY KEY ("ID_SUBCATEGORIA")
  USING INDEX PCTFREE 10 INITRANS 2 MAXTRANS 255 COMPUTE STATISTICS 
  STORAGE(INITIAL 65536 NEXT 1048576 MINEXTENTS 1 MAXEXTENTS 2147483645
  PCTINCREASE 0 FREELISTS 1 FREELIST GROUPS 1
  BUFFER_POOL DEFAULT FLASH_CACHE DEFAULT CELL_FLASH_CACHE DEFAULT)
  TABLESPACE "USERS"  ENABLE;
--------------------------------------------------------
--  Constraints for Table PRESUPUESTOS
--------------------------------------------------------

  ALTER TABLE "SISGESTPRESUPUESTOS"."PRESUPUESTOS" MODIFY ("ID_PRESUPUESTO" NOT NULL ENABLE);
  ALTER TABLE "SISGESTPRESUPUESTOS"."PRESUPUESTOS" ADD PRIMARY KEY ("ID_PRESUPUESTO")
  USING INDEX PCTFREE 10 INITRANS 2 MAXTRANS 255 COMPUTE STATISTICS 
  STORAGE(INITIAL 65536 NEXT 1048576 MINEXTENTS 1 MAXEXTENTS 2147483645
  PCTINCREASE 0 FREELISTS 1 FREELIST GROUPS 1
  BUFFER_POOL DEFAULT FLASH_CACHE DEFAULT CELL_FLASH_CACHE DEFAULT)
  TABLESPACE "USERS"  ENABLE;
  ALTER TABLE "SISGESTPRESUPUESTOS"."PRESUPUESTOS" MODIFY ("USUARIO_CREACION" NOT NULL ENABLE);
--------------------------------------------------------
--  Constraints for Table PRESUPUESTO_DETALLES
--------------------------------------------------------

  ALTER TABLE "SISGESTPRESUPUESTOS"."PRESUPUESTO_DETALLES" MODIFY ("ID_PRESUPUESTO_DETALLE" NOT NULL ENABLE);
  ALTER TABLE "SISGESTPRESUPUESTOS"."PRESUPUESTO_DETALLES" ADD PRIMARY KEY ("ID_PRESUPUESTO_DETALLE")
  USING INDEX PCTFREE 10 INITRANS 2 MAXTRANS 255 COMPUTE STATISTICS 
  STORAGE(INITIAL 65536 NEXT 1048576 MINEXTENTS 1 MAXEXTENTS 2147483645
  PCTINCREASE 0 FREELISTS 1 FREELIST GROUPS 1
  BUFFER_POOL DEFAULT FLASH_CACHE DEFAULT CELL_FLASH_CACHE DEFAULT)
  TABLESPACE "USERS"  ENABLE;
--------------------------------------------------------
--  Constraints for Table OBLIGACIONES_FIJAS
--------------------------------------------------------

  ALTER TABLE "SISGESTPRESUPUESTOS"."OBLIGACIONES_FIJAS" MODIFY ("ID_OBLIGACION_FIJA" NOT NULL ENABLE);
  ALTER TABLE "SISGESTPRESUPUESTOS"."OBLIGACIONES_FIJAS" ADD PRIMARY KEY ("ID_OBLIGACION_FIJA")
  USING INDEX PCTFREE 10 INITRANS 2 MAXTRANS 255 COMPUTE STATISTICS 
  STORAGE(INITIAL 65536 NEXT 1048576 MINEXTENTS 1 MAXEXTENTS 2147483645
  PCTINCREASE 0 FREELISTS 1 FREELIST GROUPS 1
  BUFFER_POOL DEFAULT FLASH_CACHE DEFAULT CELL_FLASH_CACHE DEFAULT)
  TABLESPACE "USERS"  ENABLE;
  ALTER TABLE "SISGESTPRESUPUESTOS"."OBLIGACIONES_FIJAS" MODIFY ("FECHA_CREACION" NOT NULL ENABLE);
  ALTER TABLE "SISGESTPRESUPUESTOS"."OBLIGACIONES_FIJAS" MODIFY ("USUARIO_CREACION" NOT NULL ENABLE);
--------------------------------------------------------
--  Constraints for Table METAS_AHORROS
--------------------------------------------------------

  ALTER TABLE "SISGESTPRESUPUESTOS"."METAS_AHORROS" MODIFY ("ID_META_AHORRO" NOT NULL ENABLE);
  ALTER TABLE "SISGESTPRESUPUESTOS"."METAS_AHORROS" ADD PRIMARY KEY ("ID_META_AHORRO")
  USING INDEX PCTFREE 10 INITRANS 2 MAXTRANS 255 COMPUTE STATISTICS 
  STORAGE(INITIAL 65536 NEXT 1048576 MINEXTENTS 1 MAXEXTENTS 2147483645
  PCTINCREASE 0 FREELISTS 1 FREELIST GROUPS 1
  BUFFER_POOL DEFAULT FLASH_CACHE DEFAULT CELL_FLASH_CACHE DEFAULT)
  TABLESPACE "USERS"  ENABLE;
  ALTER TABLE "SISGESTPRESUPUESTOS"."METAS_AHORROS" MODIFY ("FECHA_CREACION" NOT NULL ENABLE);
  ALTER TABLE "SISGESTPRESUPUESTOS"."METAS_AHORROS" MODIFY ("USUARIO_CREACION" NOT NULL ENABLE);
--------------------------------------------------------
--  Constraints for Table CATEGORIAS
--------------------------------------------------------

  ALTER TABLE "SISGESTPRESUPUESTOS"."CATEGORIAS" MODIFY ("ID_CATEGORIA" NOT NULL ENABLE);
  ALTER TABLE "SISGESTPRESUPUESTOS"."CATEGORIAS" ADD PRIMARY KEY ("ID_CATEGORIA")
  USING INDEX PCTFREE 10 INITRANS 2 MAXTRANS 255 COMPUTE STATISTICS 
  STORAGE(INITIAL 65536 NEXT 1048576 MINEXTENTS 1 MAXEXTENTS 2147483645
  PCTINCREASE 0 FREELISTS 1 FREELIST GROUPS 1
  BUFFER_POOL DEFAULT FLASH_CACHE DEFAULT CELL_FLASH_CACHE DEFAULT)
  TABLESPACE "USERS"  ENABLE;
  ALTER TABLE "SISGESTPRESUPUESTOS"."CATEGORIAS" MODIFY ("FECHA_CREACION" NOT NULL ENABLE);
  ALTER TABLE "SISGESTPRESUPUESTOS"."CATEGORIAS" MODIFY ("USUARIO_CREACION" NOT NULL ENABLE);
--------------------------------------------------------
--  Ref Constraints for Table TRANSACCIONES
--------------------------------------------------------

  ALTER TABLE "SISGESTPRESUPUESTOS"."TRANSACCIONES" ADD CONSTRAINT "FK_TRANS_USUARIO" FOREIGN KEY ("ID_USUARIO")
	  REFERENCES "SISGESTPRESUPUESTOS"."USUARIOS" ("ID_USUARIO") ENABLE;
  ALTER TABLE "SISGESTPRESUPUESTOS"."TRANSACCIONES" ADD CONSTRAINT "FK_TRANS_PRESUPUESTO" FOREIGN KEY ("ID_PRESUPUESTO")
	  REFERENCES "SISGESTPRESUPUESTOS"."PRESUPUESTOS" ("ID_PRESUPUESTO") ENABLE;
  ALTER TABLE "SISGESTPRESUPUESTOS"."TRANSACCIONES" ADD CONSTRAINT "FK_TRANS_SUBCATEGORIA" FOREIGN KEY ("ID_SUBCATEGORIA")
	  REFERENCES "SISGESTPRESUPUESTOS"."SUBCATEGORIAS" ("ID_SUBCATEGORIA") ENABLE;
  ALTER TABLE "SISGESTPRESUPUESTOS"."TRANSACCIONES" ADD CONSTRAINT "FK_TRANS_OBLIGACION" FOREIGN KEY ("ID_OBLIGACION_FIJA")
	  REFERENCES "SISGESTPRESUPUESTOS"."OBLIGACIONES_FIJAS" ("ID_OBLIGACION_FIJA") ENABLE;
--------------------------------------------------------
--  Ref Constraints for Table SUBCATEGORIAS
--------------------------------------------------------

  ALTER TABLE "SISGESTPRESUPUESTOS"."SUBCATEGORIAS" ADD CONSTRAINT "FK_SUBCATEGORIA_CATEGORIA" FOREIGN KEY ("ID_CATEGORIA")
	  REFERENCES "SISGESTPRESUPUESTOS"."CATEGORIAS" ("ID_CATEGORIA") ENABLE;
--------------------------------------------------------
--  Ref Constraints for Table PRESUPUESTOS
--------------------------------------------------------

  ALTER TABLE "SISGESTPRESUPUESTOS"."PRESUPUESTOS" ADD CONSTRAINT "FK_PRESUPUESTO_USUARIO" FOREIGN KEY ("ID_USUARIO")
	  REFERENCES "SISGESTPRESUPUESTOS"."USUARIOS" ("ID_USUARIO") ENABLE;
--------------------------------------------------------
--  Ref Constraints for Table PRESUPUESTO_DETALLES
--------------------------------------------------------

  ALTER TABLE "SISGESTPRESUPUESTOS"."PRESUPUESTO_DETALLES" ADD CONSTRAINT "FK_DET_PRESUPUESTO" FOREIGN KEY ("ID_PRESUPUESTO")
	  REFERENCES "SISGESTPRESUPUESTOS"."PRESUPUESTOS" ("ID_PRESUPUESTO") ENABLE;
  ALTER TABLE "SISGESTPRESUPUESTOS"."PRESUPUESTO_DETALLES" ADD CONSTRAINT "FK_DET_SUBCATEGORIA" FOREIGN KEY ("ID_SUBCATEGORIA")
	  REFERENCES "SISGESTPRESUPUESTOS"."SUBCATEGORIAS" ("ID_SUBCATEGORIA") ENABLE;
--------------------------------------------------------
--  Ref Constraints for Table OBLIGACIONES_FIJAS
--------------------------------------------------------

  ALTER TABLE "SISGESTPRESUPUESTOS"."OBLIGACIONES_FIJAS" ADD CONSTRAINT "FK_OBLIG_USUARIO" FOREIGN KEY ("ID_USUARIO")
	  REFERENCES "SISGESTPRESUPUESTOS"."USUARIOS" ("ID_USUARIO") ENABLE;
  ALTER TABLE "SISGESTPRESUPUESTOS"."OBLIGACIONES_FIJAS" ADD CONSTRAINT "FK_OBLIG_SUBCATEGORIA" FOREIGN KEY ("ID_SUBCATEGORIA")
	  REFERENCES "SISGESTPRESUPUESTOS"."SUBCATEGORIAS" ("ID_SUBCATEGORIA") ENABLE;
--------------------------------------------------------
--  Ref Constraints for Table METAS_AHORROS
--------------------------------------------------------

  ALTER TABLE "SISGESTPRESUPUESTOS"."METAS_AHORROS" ADD CONSTRAINT "FK_META_USUARIO" FOREIGN KEY ("ID_USUARIO")
	  REFERENCES "SISGESTPRESUPUESTOS"."USUARIOS" ("ID_USUARIO") ENABLE;
  ALTER TABLE "SISGESTPRESUPUESTOS"."METAS_AHORROS" ADD CONSTRAINT "FK_META_SUBCATEGORIA" FOREIGN KEY ("ID_SUBCATEGORIA")
	  REFERENCES "SISGESTPRESUPUESTOS"."SUBCATEGORIAS" ("ID_SUBCATEGORIA") ENABLE;
